group_col	group_name	n_variants	substitution_type	frequency
spectrum_group_primary_T95	expanded_neutral_like_T95	41264	A>C	0.11009596742923614
spectrum_group_primary_T95	expanded_neutral_like_T95	41264	A>G	0.1019775106630477
spectrum_group_primary_T95	expanded_neutral_like_T95	41264	A>T	0.10747867390461419
spectrum_group_primary_T95	expanded_neutral_like_T95	41264	C>A	0.10568534315626212
spectrum_group_primary_T95	expanded_neutral_like_T95	41264	C>G	0.10772101589763475
spectrum_group_primary_T95	expanded_neutral_like_T95	41264	C>T	0.10919930205506011
spectrum_group_primary_T95	expanded_neutral_like_T95	41264	G>A	0.03055932531989143
spectrum_group_primary_T95	expanded_neutral_like_T95	41264	G>C	0.0440577743311361
spectrum_group_primary_T95	expanded_neutral_like_T95	41264	G>T	0.04342768514928267
spectrum_group_primary_T95	expanded_neutral_like_T95	41264	T>A	0.0830506010081427
spectrum_group_primary_T95	expanded_neutral_like_T95	41264	T>C	0.07362349747964328
spectrum_group_primary_T95	expanded_neutral_like_T95	41264	T>G	0.08312330360604886
spectrum_group_primary_T95	unlabeled_out_of_neutral_domain_T95	8300	A>C	0.06987951807228916
spectrum_group_primary_T95	unlabeled_out_of_neutral_domain_T95	8300	A>G	0.10759036144578313
spectrum_group_primary_T95	unlabeled_out_of_neutral_domain_T95	8300	A>T	0.08240963855421687
spectrum_group_primary_T95	unlabeled_out_of_neutral_domain_T95	8300	C>A	0.09819277108433735
spectrum_group_primary_T95	unlabeled_out_of_neutral_domain_T95	8300	C>G	0.08831325301204819
spectrum_group_primary_T95	unlabeled_out_of_neutral_domain_T95	8300	C>T	0.08
spectrum_group_primary_T95	unlabeled_out_of_neutral_domain_T95	8300	G>A	0.10373493975903614
spectrum_group_primary_T95	unlabeled_out_of_neutral_domain_T95	8300	G>C	0.041927710843373496
spectrum_group_primary_T95	unlabeled_out_of_neutral_domain_T95	8300	G>T	0.04542168674698795
spectrum_group_primary_T95	unlabeled_out_of_neutral_domain_T95	8300	T>A	0.08036144578313253
spectrum_group_primary_T95	unlabeled_out_of_neutral_domain_T95	8300	T>C	0.12240963855421687
spectrum_group_primary_T95	unlabeled_out_of_neutral_domain_T95	8300	T>G	0.07975903614457831
spectrum_group_strict_T95	strict_expanded_neutral_like_T95	40860	A>C	0.11064610866372981
spectrum_group_strict_T95	strict_expanded_neutral_like_T95	40860	A>G	0.10168869309838473
spectrum_group_strict_T95	strict_expanded_neutral_like_T95	40860	A>T	0.10788056779246206
spectrum_group_strict_T95	strict_expanded_neutral_like_T95	40860	C>A	0.10494371023005385
spectrum_group_strict_T95	strict_expanded_neutral_like_T95	40860	C>G	0.10770925110132158
spectrum_group_strict_T95	strict_expanded_neutral_like_T95	40860	C>T	0.1091042584434655
spectrum_group_strict_T95	strict_expanded_neutral_like_T95	40860	G>A	0.029809104258443464
spectrum_group_strict_T95	strict_expanded_neutral_like_T95	40860	G>C	0.044297601566324035
spectrum_group_strict_T95	strict_expanded_neutral_like_T95	40860	G>T	0.04375917767988253
spectrum_group_strict_T95	strict_expanded_neutral_like_T95	40860	T>A	0.08330885952031326
spectrum_group_strict_T95	strict_expanded_neutral_like_T95	40860	T>C	0.07332354380812531
spectrum_group_strict_T95	strict_expanded_neutral_like_T95	40860	T>G	0.08352912383749388
spectrum_group_strict_T95	unlabeled_out_of_neutral_domain_T95	8300	A>C	0.06987951807228916
spectrum_group_strict_T95	unlabeled_out_of_neutral_domain_T95	8300	A>G	0.10759036144578313
spectrum_group_strict_T95	unlabeled_out_of_neutral_domain_T95	8300	A>T	0.08240963855421687
spectrum_group_strict_T95	unlabeled_out_of_neutral_domain_T95	8300	C>A	0.09819277108433735
spectrum_group_strict_T95	unlabeled_out_of_neutral_domain_T95	8300	C>G	0.08831325301204819
spectrum_group_strict_T95	unlabeled_out_of_neutral_domain_T95	8300	C>T	0.08
spectrum_group_strict_T95	unlabeled_out_of_neutral_domain_T95	8300	G>A	0.10373493975903614
spectrum_group_strict_T95	unlabeled_out_of_neutral_domain_T95	8300	G>C	0.041927710843373496
spectrum_group_strict_T95	unlabeled_out_of_neutral_domain_T95	8300	G>T	0.04542168674698795
spectrum_group_strict_T95	unlabeled_out_of_neutral_domain_T95	8300	T>A	0.08036144578313253
spectrum_group_strict_T95	unlabeled_out_of_neutral_domain_T95	8300	T>C	0.12240963855421687
spectrum_group_strict_T95	unlabeled_out_of_neutral_domain_T95	8300	T>G	0.07975903614457831
spectrum_group_primary_T99	expanded_neutral_like_T99	47447	A>C	0.10630809113326449
spectrum_group_primary_T99	expanded_neutral_like_T99	47447	A>G	0.09912112462326385
spectrum_group_primary_T99	expanded_neutral_like_T99	47447	A>T	0.10653992876261935
spectrum_group_primary_T99	expanded_neutral_like_T99	47447	C>A	0.10753050772440828
spectrum_group_primary_T99	expanded_neutral_like_T99	47447	C>G	0.10871077201930575
spectrum_group_primary_T99	expanded_neutral_like_T99	47447	C>T	0.10495921765338166
spectrum_group_primary_T99	expanded_neutral_like_T99	47447	G>A	0.03433304529264232
spectrum_group_primary_T99	expanded_neutral_like_T99	47447	G>C	0.044407444095517105
spectrum_group_primary_T99	expanded_neutral_like_T99	47447	G>T	0.04514510927982802
spectrum_group_primary_T99	expanded_neutral_like_T99	47447	T>A	0.08537947604695766
spectrum_group_primary_T99	expanded_neutral_like_T99	47447	T>C	0.07203827428499167
spectrum_group_primary_T99	expanded_neutral_like_T99	47447	T>G	0.08552700908381984
spectrum_group_primary_T99	unlabeled_out_of_neutral_domain_T99	2117	A>C	0.03731695795937648
spectrum_group_primary_T99	unlabeled_out_of_neutral_domain_T99	2117	A>G	0.18800188946622579
spectrum_group_primary_T99	unlabeled_out_of_neutral_domain_T99	2117	A>T	0.030231459612659425
spectrum_group_primary_T99	unlabeled_out_of_neutral_domain_T99	2117	C>A	0.03495512517713746
spectrum_group_primary_T99	unlabeled_out_of_neutral_domain_T99	2117	C>G	0.00944733112895607
spectrum_group_primary_T99	unlabeled_out_of_neutral_domain_T99	2117	C>T	0.08974964572508266
spectrum_group_primary_T99	unlabeled_out_of_neutral_domain_T99	2117	G>A	0.2328767123287671
spectrum_group_primary_T99	unlabeled_out_of_neutral_domain_T99	2117	G>C	0.027869626830420408
spectrum_group_primary_T99	unlabeled_out_of_neutral_domain_T99	2117	G>T	0.012753897024090695
spectrum_group_primary_T99	unlabeled_out_of_neutral_domain_T99	2117	T>A	0.02031176192725555
spectrum_group_primary_T99	unlabeled_out_of_neutral_domain_T99	2117	T>C	0.300425129900803
spectrum_group_primary_T99	unlabeled_out_of_neutral_domain_T99	2117	T>G	0.01606046291922532
spectrum_group_posthoc	article_pathogenic_posthoc	84	A>C	0.0
spectrum_group_posthoc	article_pathogenic_posthoc	84	A>G	0.16666666666666666
spectrum_group_posthoc	article_pathogenic_posthoc	84	A>T	0.011904761904761904
spectrum_group_posthoc	article_pathogenic_posthoc	84	C>A	0.047619047619047616
spectrum_group_posthoc	article_pathogenic_posthoc	84	C>G	0.011904761904761904
spectrum_group_posthoc	article_pathogenic_posthoc	84	C>T	0.05952380952380952
spectrum_group_posthoc	article_pathogenic_posthoc	84	G>A	0.39285714285714285
spectrum_group_posthoc	article_pathogenic_posthoc	84	G>C	0.0
spectrum_group_posthoc	article_pathogenic_posthoc	84	G>T	0.0
spectrum_group_posthoc	article_pathogenic_posthoc	84	T>A	0.0
spectrum_group_posthoc	article_pathogenic_posthoc	84	T>C	0.2857142857142857
spectrum_group_posthoc	article_pathogenic_posthoc	84	T>G	0.023809523809523808
spectrum_group_posthoc	disease_suspected_posthoc	56	A>C	0.017857142857142856
spectrum_group_posthoc	disease_suspected_posthoc	56	A>G	0.16071428571428573
spectrum_group_posthoc	disease_suspected_posthoc	56	A>T	0.07142857142857142
spectrum_group_posthoc	disease_suspected_posthoc	56	C>A	0.017857142857142856
spectrum_group_posthoc	disease_suspected_posthoc	56	C>G	0.03571428571428571
spectrum_group_posthoc	disease_suspected_posthoc	56	C>T	0.10714285714285714
spectrum_group_posthoc	disease_suspected_posthoc	56	G>A	0.25
spectrum_group_posthoc	disease_suspected_posthoc	56	G>C	0.05357142857142857
spectrum_group_posthoc	disease_suspected_posthoc	56	G>T	0.0
spectrum_group_posthoc	disease_suspected_posthoc	56	T>A	0.0
spectrum_group_posthoc	disease_suspected_posthoc	56	T>C	0.2857142857142857
spectrum_group_posthoc	disease_suspected_posthoc	56	T>G	0.0
spectrum_group_posthoc	known_neutral_reference	8284	A>C	0.05951231289232255
spectrum_group_posthoc	known_neutral_reference	8284	A>G	0.17889908256880735
spectrum_group_posthoc	known_neutral_reference	8284	A>T	0.061685176243360694
spectrum_group_posthoc	known_neutral_reference	8284	C>A	0.10876388218252052
spectrum_group_posthoc	known_neutral_reference	8284	C>G	0.10019314340898117
spectrum_group_posthoc	known_neutral_reference	8284	C>T	0.1985755673587639
spectrum_group_posthoc	known_neutral_reference	8284	G>A	0.05516658619024626
spectrum_group_posthoc	known_neutral_reference	8284	G>C	0.012433606953162724
spectrum_group_posthoc	known_neutral_reference	8284	G>T	0.01134717527764365
spectrum_group_posthoc	known_neutral_reference	8284	T>A	0.042250120714630614
spectrum_group_posthoc	known_neutral_reference	8284	T>C	0.12964751327860938
spectrum_group_posthoc	known_neutral_reference	8284	T>G	0.04152583293095123
spectrum_group_posthoc	unlabeled_neutral_like_T95	32980	A>C	0.12280169799878714
spectrum_group_posthoc	unlabeled_neutral_like_T95	32980	A>G	0.0826561552456034
spectrum_group_posthoc	unlabeled_neutral_like_T95	32980	A>T	0.11898120072771376
spectrum_group_posthoc	unlabeled_neutral_like_T95	32980	C>A	0.10491206791995149
spectrum_group_posthoc	unlabeled_neutral_like_T95	32980	C>G	0.10961188599151
spectrum_group_posthoc	unlabeled_neutral_like_T95	32980	C>T	0.0867495451788963
spectrum_group_posthoc	unlabeled_neutral_like_T95	32980	G>A	0.024378411158277744
spectrum_group_posthoc	unlabeled_neutral_like_T95	32980	G>C	0.052001212856276534
spectrum_group_posthoc	unlabeled_neutral_like_T95	32980	G>T	0.051485748938750756
spectrum_group_posthoc	unlabeled_neutral_like_T95	32980	T>A	0.09329896907216495
spectrum_group_posthoc	unlabeled_neutral_like_T95	32980	T>C	0.05955124317768344
spectrum_group_posthoc	unlabeled_neutral_like_T95	32980	T>G	0.09357186173438448
spectrum_group_posthoc	unlabeled_out_of_neutral_domain_T95	8300	A>C	0.06987951807228916
spectrum_group_posthoc	unlabeled_out_of_neutral_domain_T95	8300	A>G	0.10759036144578313
spectrum_group_posthoc	unlabeled_out_of_neutral_domain_T95	8300	A>T	0.08240963855421687
spectrum_group_posthoc	unlabeled_out_of_neutral_domain_T95	8300	C>A	0.09819277108433735
spectrum_group_posthoc	unlabeled_out_of_neutral_domain_T95	8300	C>G	0.08831325301204819
spectrum_group_posthoc	unlabeled_out_of_neutral_domain_T95	8300	C>T	0.08
spectrum_group_posthoc	unlabeled_out_of_neutral_domain_T95	8300	G>A	0.10373493975903614
spectrum_group_posthoc	unlabeled_out_of_neutral_domain_T95	8300	G>C	0.041927710843373496
spectrum_group_posthoc	unlabeled_out_of_neutral_domain_T95	8300	G>T	0.04542168674698795
spectrum_group_posthoc	unlabeled_out_of_neutral_domain_T95	8300	T>A	0.08036144578313253
spectrum_group_posthoc	unlabeled_out_of_neutral_domain_T95	8300	T>C	0.12240963855421687
spectrum_group_posthoc	unlabeled_out_of_neutral_domain_T95	8300	T>G	0.07975903614457831
