group_col	group_name	n_variants	substitution_type	count
spectrum_group_primary_T95	expanded_neutral_like_T95	41264	A>C	4543
spectrum_group_primary_T95	expanded_neutral_like_T95	41264	A>G	4208
spectrum_group_primary_T95	expanded_neutral_like_T95	41264	A>T	4435
spectrum_group_primary_T95	expanded_neutral_like_T95	41264	C>A	4361
spectrum_group_primary_T95	expanded_neutral_like_T95	41264	C>G	4445
spectrum_group_primary_T95	expanded_neutral_like_T95	41264	C>T	4506
spectrum_group_primary_T95	expanded_neutral_like_T95	41264	G>A	1261
spectrum_group_primary_T95	expanded_neutral_like_T95	41264	G>C	1818
spectrum_group_primary_T95	expanded_neutral_like_T95	41264	G>T	1792
spectrum_group_primary_T95	expanded_neutral_like_T95	41264	T>A	3427
spectrum_group_primary_T95	expanded_neutral_like_T95	41264	T>C	3038
spectrum_group_primary_T95	expanded_neutral_like_T95	41264	T>G	3430
spectrum_group_primary_T95	unlabeled_out_of_neutral_domain_T95	8300	A>C	580
spectrum_group_primary_T95	unlabeled_out_of_neutral_domain_T95	8300	A>G	893
spectrum_group_primary_T95	unlabeled_out_of_neutral_domain_T95	8300	A>T	684
spectrum_group_primary_T95	unlabeled_out_of_neutral_domain_T95	8300	C>A	815
spectrum_group_primary_T95	unlabeled_out_of_neutral_domain_T95	8300	C>G	733
spectrum_group_primary_T95	unlabeled_out_of_neutral_domain_T95	8300	C>T	664
spectrum_group_primary_T95	unlabeled_out_of_neutral_domain_T95	8300	G>A	861
spectrum_group_primary_T95	unlabeled_out_of_neutral_domain_T95	8300	G>C	348
spectrum_group_primary_T95	unlabeled_out_of_neutral_domain_T95	8300	G>T	377
spectrum_group_primary_T95	unlabeled_out_of_neutral_domain_T95	8300	T>A	667
spectrum_group_primary_T95	unlabeled_out_of_neutral_domain_T95	8300	T>C	1016
spectrum_group_primary_T95	unlabeled_out_of_neutral_domain_T95	8300	T>G	662
spectrum_group_strict_T95	strict_expanded_neutral_like_T95	40860	A>C	4521
spectrum_group_strict_T95	strict_expanded_neutral_like_T95	40860	A>G	4155
spectrum_group_strict_T95	strict_expanded_neutral_like_T95	40860	A>T	4408
spectrum_group_strict_T95	strict_expanded_neutral_like_T95	40860	C>A	4288
spectrum_group_strict_T95	strict_expanded_neutral_like_T95	40860	C>G	4401
spectrum_group_strict_T95	strict_expanded_neutral_like_T95	40860	C>T	4458
spectrum_group_strict_T95	strict_expanded_neutral_like_T95	40860	G>A	1218
spectrum_group_strict_T95	strict_expanded_neutral_like_T95	40860	G>C	1810
spectrum_group_strict_T95	strict_expanded_neutral_like_T95	40860	G>T	1788
spectrum_group_strict_T95	strict_expanded_neutral_like_T95	40860	T>A	3404
spectrum_group_strict_T95	strict_expanded_neutral_like_T95	40860	T>C	2996
spectrum_group_strict_T95	strict_expanded_neutral_like_T95	40860	T>G	3413
spectrum_group_strict_T95	unlabeled_out_of_neutral_domain_T95	8300	A>C	580
spectrum_group_strict_T95	unlabeled_out_of_neutral_domain_T95	8300	A>G	893
spectrum_group_strict_T95	unlabeled_out_of_neutral_domain_T95	8300	A>T	684
spectrum_group_strict_T95	unlabeled_out_of_neutral_domain_T95	8300	C>A	815
spectrum_group_strict_T95	unlabeled_out_of_neutral_domain_T95	8300	C>G	733
spectrum_group_strict_T95	unlabeled_out_of_neutral_domain_T95	8300	C>T	664
spectrum_group_strict_T95	unlabeled_out_of_neutral_domain_T95	8300	G>A	861
spectrum_group_strict_T95	unlabeled_out_of_neutral_domain_T95	8300	G>C	348
spectrum_group_strict_T95	unlabeled_out_of_neutral_domain_T95	8300	G>T	377
spectrum_group_strict_T95	unlabeled_out_of_neutral_domain_T95	8300	T>A	667
spectrum_group_strict_T95	unlabeled_out_of_neutral_domain_T95	8300	T>C	1016
spectrum_group_strict_T95	unlabeled_out_of_neutral_domain_T95	8300	T>G	662
spectrum_group_primary_T99	expanded_neutral_like_T99	47447	A>C	5044
spectrum_group_primary_T99	expanded_neutral_like_T99	47447	A>G	4703
spectrum_group_primary_T99	expanded_neutral_like_T99	47447	A>T	5055
spectrum_group_primary_T99	expanded_neutral_like_T99	47447	C>A	5102
spectrum_group_primary_T99	expanded_neutral_like_T99	47447	C>G	5158
spectrum_group_primary_T99	expanded_neutral_like_T99	47447	C>T	4980
spectrum_group_primary_T99	expanded_neutral_like_T99	47447	G>A	1629
spectrum_group_primary_T99	expanded_neutral_like_T99	47447	G>C	2107
spectrum_group_primary_T99	expanded_neutral_like_T99	47447	G>T	2142
spectrum_group_primary_T99	expanded_neutral_like_T99	47447	T>A	4051
spectrum_group_primary_T99	expanded_neutral_like_T99	47447	T>C	3418
spectrum_group_primary_T99	expanded_neutral_like_T99	47447	T>G	4058
spectrum_group_primary_T99	unlabeled_out_of_neutral_domain_T99	2117	A>C	79
spectrum_group_primary_T99	unlabeled_out_of_neutral_domain_T99	2117	A>G	398
spectrum_group_primary_T99	unlabeled_out_of_neutral_domain_T99	2117	A>T	64
spectrum_group_primary_T99	unlabeled_out_of_neutral_domain_T99	2117	C>A	74
spectrum_group_primary_T99	unlabeled_out_of_neutral_domain_T99	2117	C>G	20
spectrum_group_primary_T99	unlabeled_out_of_neutral_domain_T99	2117	C>T	190
spectrum_group_primary_T99	unlabeled_out_of_neutral_domain_T99	2117	G>A	493
spectrum_group_primary_T99	unlabeled_out_of_neutral_domain_T99	2117	G>C	59
spectrum_group_primary_T99	unlabeled_out_of_neutral_domain_T99	2117	G>T	27
spectrum_group_primary_T99	unlabeled_out_of_neutral_domain_T99	2117	T>A	43
spectrum_group_primary_T99	unlabeled_out_of_neutral_domain_T99	2117	T>C	636
spectrum_group_primary_T99	unlabeled_out_of_neutral_domain_T99	2117	T>G	34
spectrum_group_posthoc	article_pathogenic_posthoc	84	A>C	0
spectrum_group_posthoc	article_pathogenic_posthoc	84	A>G	14
spectrum_group_posthoc	article_pathogenic_posthoc	84	A>T	1
spectrum_group_posthoc	article_pathogenic_posthoc	84	C>A	4
spectrum_group_posthoc	article_pathogenic_posthoc	84	C>G	1
spectrum_group_posthoc	article_pathogenic_posthoc	84	C>T	5
spectrum_group_posthoc	article_pathogenic_posthoc	84	G>A	33
spectrum_group_posthoc	article_pathogenic_posthoc	84	G>C	0
spectrum_group_posthoc	article_pathogenic_posthoc	84	G>T	0
spectrum_group_posthoc	article_pathogenic_posthoc	84	T>A	0
spectrum_group_posthoc	article_pathogenic_posthoc	84	T>C	24
spectrum_group_posthoc	article_pathogenic_posthoc	84	T>G	2
spectrum_group_posthoc	disease_suspected_posthoc	56	A>C	1
spectrum_group_posthoc	disease_suspected_posthoc	56	A>G	9
spectrum_group_posthoc	disease_suspected_posthoc	56	A>T	4
spectrum_group_posthoc	disease_suspected_posthoc	56	C>A	1
spectrum_group_posthoc	disease_suspected_posthoc	56	C>G	2
spectrum_group_posthoc	disease_suspected_posthoc	56	C>T	6
spectrum_group_posthoc	disease_suspected_posthoc	56	G>A	14
spectrum_group_posthoc	disease_suspected_posthoc	56	G>C	3
spectrum_group_posthoc	disease_suspected_posthoc	56	G>T	0
spectrum_group_posthoc	disease_suspected_posthoc	56	T>A	0
spectrum_group_posthoc	disease_suspected_posthoc	56	T>C	16
spectrum_group_posthoc	disease_suspected_posthoc	56	T>G	0
spectrum_group_posthoc	known_neutral_reference	8284	A>C	493
spectrum_group_posthoc	known_neutral_reference	8284	A>G	1482
spectrum_group_posthoc	known_neutral_reference	8284	A>T	511
spectrum_group_posthoc	known_neutral_reference	8284	C>A	901
spectrum_group_posthoc	known_neutral_reference	8284	C>G	830
spectrum_group_posthoc	known_neutral_reference	8284	C>T	1645
spectrum_group_posthoc	known_neutral_reference	8284	G>A	457
spectrum_group_posthoc	known_neutral_reference	8284	G>C	103
spectrum_group_posthoc	known_neutral_reference	8284	G>T	94
spectrum_group_posthoc	known_neutral_reference	8284	T>A	350
spectrum_group_posthoc	known_neutral_reference	8284	T>C	1074
spectrum_group_posthoc	known_neutral_reference	8284	T>G	344
spectrum_group_posthoc	unlabeled_neutral_like_T95	32980	A>C	4050
spectrum_group_posthoc	unlabeled_neutral_like_T95	32980	A>G	2726
spectrum_group_posthoc	unlabeled_neutral_like_T95	32980	A>T	3924
spectrum_group_posthoc	unlabeled_neutral_like_T95	32980	C>A	3460
spectrum_group_posthoc	unlabeled_neutral_like_T95	32980	C>G	3615
spectrum_group_posthoc	unlabeled_neutral_like_T95	32980	C>T	2861
spectrum_group_posthoc	unlabeled_neutral_like_T95	32980	G>A	804
spectrum_group_posthoc	unlabeled_neutral_like_T95	32980	G>C	1715
spectrum_group_posthoc	unlabeled_neutral_like_T95	32980	G>T	1698
spectrum_group_posthoc	unlabeled_neutral_like_T95	32980	T>A	3077
spectrum_group_posthoc	unlabeled_neutral_like_T95	32980	T>C	1964
spectrum_group_posthoc	unlabeled_neutral_like_T95	32980	T>G	3086
spectrum_group_posthoc	unlabeled_out_of_neutral_domain_T95	8300	A>C	580
spectrum_group_posthoc	unlabeled_out_of_neutral_domain_T95	8300	A>G	893
spectrum_group_posthoc	unlabeled_out_of_neutral_domain_T95	8300	A>T	684
spectrum_group_posthoc	unlabeled_out_of_neutral_domain_T95	8300	C>A	815
spectrum_group_posthoc	unlabeled_out_of_neutral_domain_T95	8300	C>G	733
spectrum_group_posthoc	unlabeled_out_of_neutral_domain_T95	8300	C>T	664
spectrum_group_posthoc	unlabeled_out_of_neutral_domain_T95	8300	G>A	861
spectrum_group_posthoc	unlabeled_out_of_neutral_domain_T95	8300	G>C	348
spectrum_group_posthoc	unlabeled_out_of_neutral_domain_T95	8300	G>T	377
spectrum_group_posthoc	unlabeled_out_of_neutral_domain_T95	8300	T>A	667
spectrum_group_posthoc	unlabeled_out_of_neutral_domain_T95	8300	T>C	1016
spectrum_group_posthoc	unlabeled_out_of_neutral_domain_T95	8300	T>G	662
